kode_wilayah,jenis,nama,parent_kode
BDG,KOTA,Kota Bandung,
BDG-ANDIR,KECAMATAN,Andir,BDG
BDG-ANDIR-CAMPAKA,KELURAHAN,Campaka,BDG-ANDIR
BDG-ANDIR-CIROYOM,KELURAHAN,Ciroyom,BDG-ANDIR
BDG-ANDIR-DUNGUSCARIANG,KELURAHAN,Dungus Cariang,BDG-ANDIR
BDG-ANDIR-GARUDA,KELURAHAN,Garuda,BDG-ANDIR
BDG-ANDIR-KEBONJERUK,KELURAHAN,Kebon Jeruk,BDG-ANDIR
BDG-ANDIR-MALEBER,KELURAHAN,Maleber,BDG-ANDIR
BDG-ASTANA-ANYAR,KECAMATAN,Astana Anyar,BDG
BDG-ASTANA-ANYAR-CIBADAK,KELURAHAN,Cibadak,BDG-ASTANA-ANYAR
BDG-ASTANA-ANYAR-KARANGANYAR,KELURAHAN,Karanganyar,BDG-ASTANA-ANYAR
BDG-ASTANA-ANYAR-KARASAK,KELURAHAN,Karasak,BDG-ASTANA-ANYAR
BDG-ASTANA-ANYAR-NYENGSERET,KELURAHAN,Nyengseret,BDG-ASTANA-ANYAR
BDG-ASTANA-ANYAR-PANJUNAN,KELURAHAN,Panjunan,BDG-ASTANA-ANYAR
BDG-ASTANA-ANYAR-PELINDUNGHEWAN,KELURAHAN,Pelindunghewan,BDG-ASTANA-ANYAR
BDG-ANTAPANI,KECAMATAN,Antapani,BDG
BDG-ANTAPANI-KIDUL,KELURAHAN,Antapani Kidul,BDG-ANTAPANI
BDG-ANTAPANI-KULON,KELURAHAN,Antapani Kulon,BDG-ANTAPANI
BDG-ANTAPANI-TENGAH,KELURAHAN,Antapani Tengah,BDG-ANTAPANI
BDG-ANTAPANI-WETAN,KELURAHAN,Antapani Wetan,BDG-ANTAPANI
BDG-ARCAMANIK,KECAMATAN,Arcamanik,BDG
BDG-ARCAMANIK-CISARANTEN-BINA-HARAPAN,KELURAHAN,Cisaranten Bina Harapan,BDG-ARCAMANIK
BDG-ARCAMANIK-CISARANTEN-ENDAH,KELURAHAN,Cisaranten Endah,BDG-ARCAMANIK
BDG-ARCAMANIK-CISARANTEN-KULON,KELURAHAN,Cisaranten Kulon,BDG-ARCAMANIK
BDG-ARCAMANIK-SUKAMISKIN,KELURAHAN,Sukamiskin,BDG-ARCAMANIK
BDG-BABAKAN-CIPARAY,KECAMATAN,Babakan Ciparay,BDG
BDG-BABAKAN-CIPARAY-BABAKAN,KELURAHAN,Babakan,BDG-BABAKAN-CIPARAY
BDG-BABAKAN-CIPARAY-BABAKAN-CIPARAY,KELURAHAN,Babakan Ciparay,BDG-BABAKAN-CIPARAY
BDG-BABAKAN-CIPARAY-CIRANGRANG,KELURAHAN,Cirangrang,BDG-BABAKAN-CIPARAY
BDG-BABAKAN-CIPARAY-MARGAHAYU-UTARA,KELURAHAN,Margahayu Utara,BDG-BABAKAN-CIPARAY
BDG-BABAKAN-CIPARAY-MARGASUKA,KELURAHAN,Margasuka,BDG-BABAKAN-CIPARAY
BDG-BABAKAN-CIPARAY-SUKAHAJI,KELURAHAN,Sukahaji,BDG-BABAKAN-CIPARAY
BDG-BANDUNG-KIDUL,KECAMATAN,Bandung Kidul,BDG
BDG-BANDUNG-KIDUL-BATUNUNGGAL,KELURAHAN,Batununggal,BDG-BANDUNG-KIDUL
BDG-BANDUNG-KIDUL-KUJANGSARI,KELURAHAN,Kujangsari,BDG-BANDUNG-KIDUL
BDG-BANDUNG-KIDUL-MENGGER,KELURAHAN,Mengger,BDG-BANDUNG-KIDUL
BDG-BANDUNG-KIDUL-WATES,KELURAHAN,Wates,BDG-BANDUNG-KIDUL
BDG-BANDUNG-KULON,KECAMATAN,Bandung Kulon,BDG
BDG-BANDUNG-KULON-CARINGIN,KELURAHAN,Caringin,BDG-BANDUNG-KULON
BDG-BANDUNG-KULON-CIBUNTU,KELURAHAN,Cibuntu,BDG-BANDUNG-KULON
BDG-BANDUNG-KULON-CIGONDEWAH-KALER,KELURAHAN,Cigondewah Kaler,BDG-BANDUNG-KULON
BDG-BANDUNG-KULON-CIGONDEWAH-KIDUL,KELURAHAN,Cigondewah Kidul,BDG-BANDUNG-KULON
BDG-BANDUNG-KULON-CIGONDEWAH-RAHAYU,KELURAHAN,Cigondewah Rahayu,BDG-BANDUNG-KULON
BDG-BANDUNG-KULON-CIJERAH,KELURAHAN,Cijerah,BDG-BANDUNG-KULON
BDG-BANDUNG-KULON-GEMPOLSARI,KELURAHAN,Gempolsari,BDG-BANDUNG-KULON
BDG-BANDUNG-KULON-WARUNGMUNCANG,KELURAHAN,Warungmuncang,BDG-BANDUNG-KULON
BDG-BANDUNG-WETAN,KECAMATAN,Bandung Wetan,BDG
BDG-BANDUNG-WETAN-CIHAPIT,KELURAHAN,Cihapit,BDG-BANDUNG-WETAN
BDG-BANDUNG-WETAN-CITARUM,KELURAHAN,Citarum,BDG-BANDUNG-WETAN
BDG-BANDUNG-WETAN-TAMANSARI,KELURAHAN,Tamansari,BDG-BANDUNG-WETAN
BDG-BATUNUNGGAL,KECAMATAN,Batununggal,BDG
BDG-BATUNUNGGAL-BINONG,KELURAHAN,Binong,BDG-BATUNUNGGAL
BDG-BATUNUNGGAL-CIBANGKONG,KELURAHAN,Cibangkong,BDG-BATUNUNGGAL
BDG-BATUNUNGGAL-GUMURUH,KELURAHAN,Gumuruh,BDG-BATUNUNGGAL
BDG-BATUNUNGGAL-KACAPIRING,KELURAHAN,Kacapiring,BDG-BATUNUNGGAL
BDG-BATUNUNGGAL-KEBONGEDANG,KELURAHAN,Kebongedang,BDG-BATUNUNGGAL
BDG-BATUNUNGGAL-KEBONWARU,KELURAHAN,Kebonwaru,BDG-BATUNUNGGAL
BDG-BATUNUNGGAL-MALEER,KELURAHAN,Maleer,BDG-BATUNUNGGAL
BDG-BATUNUNGGAL-SAMOJA,KELURAHAN,Samoja,BDG-BATUNUNGGAL
BDG-BOJONGLOA-KALER,KECAMATAN,Bojongloa Kaler,BDG
BDG-BOJONGLOA-KALER-BABAKAN-ASIH,KELURAHAN,Babakan Asih,BDG-BOJONGLOA-KALER
BDG-BOJONGLOA-KALER-BABAKAN-TAROGONG,KELURAHAN,Babakan Tarogong,BDG-BOJONGLOA-KALER
BDG-BOJONGLOA-KALER-JAMIKA,KELURAHAN,Jamika,BDG-BOJONGLOA-KALER
BDG-BOJONGLOA-KALER-KOPO,KELURAHAN,Kopo,BDG-BOJONGLOA-KALER
BDG-BOJONGLOA-KALER-SUKA-ASIH,KELURAHAN,Suka Asih,BDG-BOJONGLOA-KALER
BDG-BOJONGLOA-KIDUL,KECAMATAN,Bojongloa Kidul,BDG
BDG-BOJONGLOA-KIDUL-CIBADUYUT,KELURAHAN,Cibaduyut,BDG-BOJONGLOA-KIDUL
BDG-BOJONGLOA-KIDUL-CIBADUYUT-KIDUL,KELURAHAN,Cibaduyut Kidul,BDG-BOJONGLOA-KIDUL
BDG-BOJONGLOA-KIDUL-CIBADUYUT-WETAN,KELURAHAN,Cibaduyut Wetan,BDG-BOJONGLOA-KIDUL
BDG-BOJONGLOA-KIDUL-KEBON-LEGA,KELURAHAN,Kebon Lega,BDG-BOJONGLOA-KIDUL
BDG-BOJONGLOA-KIDUL-MEKARWANGI,KELURAHAN,Mekarwangi,BDG-BOJONGLOA-KIDUL
BDG-BOJONGLOA-KIDUL-SITUSAEUR,KELURAHAN,Situsaeur,BDG-BOJONGLOA-KIDUL
BDG-BUAHBATU,KECAMATAN,Buahbatu,BDG
BDG-BUAHBATU-CIJAWURA,KELURAHAN,Cijawura,BDG-BUAHBATU
BDG-BUAHBATU-JATISARI,KELURAHAN,Jatisari,BDG-BUAHBATU
BDG-BUAHBATU-MARGASARI,KELURAHAN,Margasari,BDG-BUAHBATU
BDG-BUAHBATU-SEKEJATI,KELURAHAN,Sekejati,BDG-BUAHBATU
BDG-CIBEUNYING-KALER,KECAMATAN,Cibeunying Kaler,BDG
BDG-CIBEUNYING-KALER-CIGADUNG,KELURAHAN,Cigadung,BDG-CIBEUNYING-KALER
BDG-CIBEUNYING-KALER-CIHAURGEULIS,KELURAHAN,Cihaurgeulis,BDG-CIBEUNYING-KALER
BDG-CIBEUNYING-KALER-NEGLASARI,KELURAHAN,Neglasari,BDG-CIBEUNYING-KALER
BDG-CIBEUNYING-KALER-SUKALUYU,KELURAHAN,Sukaluyu,BDG-CIBEUNYING-KALER
BDG-CIBEUNYING-KIDUL,KECAMATAN,Cibeunying Kidul,BDG
BDG-CIBEUNYING-KIDUL-CICADAS,KELURAHAN,Cicadas,BDG-CIBEUNYING-KIDUL
BDG-CIBEUNYING-KIDUL-CIKUTRA,KELURAHAN,Cikutra,BDG-CIBEUNYING-KIDUL
BDG-CIBEUNYING-KIDUL-PADASUKA,KELURAHAN,Padasuka,BDG-CIBEUNYING-KIDUL
BDG-CIBEUNYING-KIDUL-PASIRLAYUNG,KELURAHAN,Pasirlayung,BDG-CIBEUNYING-KIDUL
BDG-CIBEUNYING-KIDUL-SUKAMAJU,KELURAHAN,Sukamaju,BDG-CIBEUNYING-KIDUL
BDG-CIBEUNYING-KIDUL-SUKAPADA,KELURAHAN,Sukapada,BDG-CIBEUNYING-KIDUL
BDG-CIBIRU,KECAMATAN,Cibiru,BDG
BDG-CIBIRU-CIPADUNG,KELURAHAN,Cipadung,BDG-CIBIRU
BDG-CIBIRU-CISURUPAN,KELURAHAN,Cisurupan,BDG-CIBIRU
BDG-CIBIRU-PALASARI,KELURAHAN,Palasari,BDG-CIBIRU
BDG-CIBIRU-PASIRBIRU,KELURAHAN,Pasirbiru,BDG-CIBIRU
BDG-CICENDO,KECAMATAN,Cicendo,BDG
BDG-CICENDO-ARJUNA,KELURAHAN,Arjuna,BDG-CICENDO
BDG-CICENDO-HUSEN-SASTRANEGARA,KELURAHAN,Husen Sastranegara,BDG-CICENDO
BDG-CICENDO-PAJAJARAN,KELURAHAN,Pajajaran,BDG-CICENDO
BDG-CICENDO-PAMOYANAN,KELURAHAN,Pamoyanan,BDG-CICENDO
BDG-CICENDO-PASIRKALIKI,KELURAHAN,Pasirkaliki,BDG-CICENDO
BDG-CICENDO-SUKARAJA,KELURAHAN,Sukaraja,BDG-CICENDO
BDG-CIDADAP,KECAMATAN,Cidadap,BDG
BDG-CIDADAP-CIUMBULEUIT,KELURAHAN,Ciumbuleuit,BDG-CIDADAP
BDG-CIDADAP-HEGARMANAH,KELURAHAN,Hegarmanah,BDG-CIDADAP
BDG-CIDADAP-LEDENG,KELURAHAN,Ledeng,BDG-CIDADAP
BDG-CINAMBO,KECAMATAN,Cinambo,BDG
BDG-CINAMBO-BABAKAN-PENGHULU,KELURAHAN,Babakan Penghulu,BDG-CINAMBO
BDG-CINAMBO-CISARANTEN-WETAN,KELURAHAN,Cisaranten Wetan,BDG-CINAMBO
BDG-CINAMBO-PAKEMITAN,KELURAHAN,Pakemitan,BDG-CINAMBO
BDG-CINAMBO-SUKAMULYA,KELURAHAN,Sukamulya,BDG-CINAMBO
BDG-COBLONG,KECAMATAN,Coblong,BDG
BDG-COBLONG-CIPAGANTI,KELURAHAN,Cipaganti,BDG-COBLONG
BDG-COBLONG-DAGO,KELURAHAN,Dago,BDG-COBLONG
BDG-COBLONG-LEBAK-GEDE,KELURAHAN,Lebak Gede,BDG-COBLONG
BDG-COBLONG-LEBAK-SILIWANGI,KELURAHAN,Lebak Siliwangi,BDG-COBLONG
BDG-COBLONG-SADANG-SERANG,KELURAHAN,Sadang Serang,BDG-COBLONG
BDG-COBLONG-SEKELOA,KELURAHAN,Sekeloa,BDG-COBLONG
BDG-GEDEBAGE,KECAMATAN,Gedebage,BDG
BDG-GEDEBAGE-CIMINCRANG,KELURAHAN,Cimincrang,BDG-GEDEBAGE
BDG-GEDEBAGE-CISARANTEN-KIDUL,KELURAHAN,Cisaranten Kidul,BDG-GEDEBAGE
BDG-GEDEBAGE-RANCABOLANG,KELURAHAN,Rancabolang,BDG-GEDEBAGE
BDG-GEDEBAGE-RANCANUMPANG,KELURAHAN,Rancanumpang,BDG-GEDEBAGE
BDG-KIARACONDONG,KECAMATAN,Kiaracondong,BDG
BDG-KIARACONDONG-BABAKANSARI,KELURAHAN,Babakansari,BDG-KIARACONDONG
BDG-KIARACONDONG-BABAKAN-SURABAYA,KELURAHAN,Babakan Surabaya,BDG-KIARACONDONG
BDG-KIARACONDONG-CICAHEUM,KELURAHAN,Cicaheum,BDG-KIARACONDONG
BDG-KIARACONDONG-KEBON-KANGKUNG,KELURAHAN,Kebon Kangkung,BDG-KIARACONDONG
BDG-KIARACONDONG-KEBON-JAYANTI,KELURAHAN,Kebon Jayanti,BDG-KIARACONDONG
BDG-KIARACONDONG-SUKAPURA,KELURAHAN,Sukapura,BDG-KIARACONDONG
BDG-LENGKONG,KECAMATAN,Lengkong,BDG
BDG-LENGKONG-BURANGRANG,KELURAHAN,Burangrang,BDG-LENGKONG
BDG-LENGKONG-CIJAGRA,KELURAHAN,Cijagra,BDG-LENGKONG
BDG-LENGKONG-CIKAWAO,KELURAHAN,Cikawao,BDG-LENGKONG
BDG-LENGKONG-LINGKAR-SELATAN,KELURAHAN,Lingkar Selatan,BDG-LENGKONG
BDG-LENGKONG-MALABAR,KELURAHAN,Malabar,BDG-LENGKONG
BDG-LENGKONG-PALEDANG,KELURAHAN,Paledang,BDG-LENGKONG
BDG-LENGKONG-TURANGGA,KELURAHAN,Turangga,BDG-LENGKONG
BDG-MANDALAJATI,KECAMATAN,Mandalajati,BDG
BDG-MANDALAJATI-JATIHANDAP,KELURAHAN,Jatihandap,BDG-MANDALAJATI
BDG-MANDALAJATI-KARANG-PAMULANG,KELURAHAN,Karang Pamulang,BDG-MANDALAJATI
BDG-MANDALAJATI-PASIR-IMPUN,KELURAHAN,Pasir Impun,BDG-MANDALAJATI
BDG-MANDALAJATI-SINDANG-JAYA,KELURAHAN,Sindang Jaya,BDG-MANDALAJATI
BDG-PANYILEUKAN,KECAMATAN,Panyileukan,BDG
BDG-PANYILEUKAN-CIPADUNG-KIDUL,KELURAHAN,Cipadung Kidul,BDG-PANYILEUKAN
BDG-PANYILEUKAN-CIPADUNG-KULON,KELURAHAN,Cipadung Kulon,BDG-PANYILEUKAN
BDG-PANYILEUKAN-CIPADUNG-WETAN,KELURAHAN,Cipadung Wetan,BDG-PANYILEUKAN
BDG-PANYILEUKAN-MEKAR-MULYA,KELURAHAN,Mekar Mulya,BDG-PANYILEUKAN
BDG-RANCASARI,KECAMATAN,Rancasari,BDG
BDG-RANCASARI-CIPAMOKOLAN,KELURAHAN,Cipamokolan,BDG-RANCASARI
BDG-RANCASARI-DERWATI,KELURAHAN,Derwati,BDG-RANCASARI
BDG-RANCASARI-MANJAHLEGA,KELURAHAN,Manjahlega,BDG-RANCASARI
BDG-RANCASARI-MEKAR-JAYA,KELURAHAN,Mekar Jaya,BDG-RANCASARI
BDG-REGOL,KECAMATAN,Regol,BDG
BDG-REGOL-ANCOL,KELURAHAN,Ancol,BDG-REGOL
BDG-REGOL-BALONG-GEDE,KELURAHAN,Balong Gede,BDG-REGOL
BDG-REGOL-CIATEUL,KELURAHAN,Ciateul,BDG-REGOL
BDG-REGOL-CIGERELENG,KELURAHAN,Cigereleng,BDG-REGOL
BDG-REGOL-CISEUREUH,KELURAHAN,Ciseureuh,BDG-REGOL
BDG-REGOL-PASIRLUYU,KELURAHAN,Pasirluyu,BDG-REGOL
BDG-REGOL-PUNGKUR,KELURAHAN,Pungkur,BDG-REGOL
BDG-SUKAJADI,KECAMATAN,Sukajadi,BDG
BDG-SUKAJADI-CIPEDES,KELURAHAN,Cipedes,BDG-SUKAJADI
BDG-SUKAJADI-PASTEUR,KELURAHAN,Pasteur,BDG-SUKAJADI
BDG-SUKAJADI-SUKABUNGAH,KELURAHAN,Sukabungah,BDG-SUKAJADI
BDG-SUKAJADI-SUKAGALIH,KELURAHAN,Sukagalih,BDG-SUKAJADI
BDG-SUKAJADI-SUKAWARNA,KELURAHAN,Sukawarna,BDG-SUKAJADI
BDG-SUKASARI,KECAMATAN,Sukasari,BDG
BDG-SUKASARI-GEGERKALONG,KELURAHAN,Gegerkalong,BDG-SUKASARI
BDG-SUKASARI-ISOLA,KELURAHAN,Isola,BDG-SUKASARI
BDG-SUKASARI-SARIJADI,KELURAHAN,Sarijadi,BDG-SUKASARI
BDG-SUKASARI-SUKARASA,KELURAHAN,Sukarasa,BDG-SUKASARI
BDG-SUMUR-BANDUNG,KECAMATAN,Sumur Bandung,BDG
BDG-SUMUR-BANDUNG-BABAKAN-CIAMIS,KELURAHAN,Babakan Ciamis,BDG-SUMUR-BANDUNG
BDG-SUMUR-BANDUNG-BRAGA,KELURAHAN,Braga,BDG-SUMUR-BANDUNG
BDG-SUMUR-BANDUNG-KEBON-PISANG,KELURAHAN,Kebon Pisang,BDG-SUMUR-BANDUNG
BDG-SUMUR-BANDUNG-MERDEKA,KELURAHAN,Merdeka,BDG-SUMUR-BANDUNG
BDG-UJUNGBERUNG,KECAMATAN,Ujungberung,BDG
BDG-UJUNGBERUNG-CIGENDING,KELURAHAN,Cigending,BDG-UJUNGBERUNG
BDG-UJUNGBERUNG-PASANGGRAHAN,KELURAHAN,Pasanggrahan,BDG-UJUNGBERUNG
BDG-UJUNGBERUNG-PASIR-ENDAH,KELURAHAN,Pasir Endah,BDG-UJUNGBERUNG
BDG-UJUNGBERUNG-PASIR-JATI,KELURAHAN,Pasir Jati,BDG-UJUNGBERUNG
BDG-UJUNGBERUNG-PASIR-WANGI,KELURAHAN,Pasir Wangi,BDG-UJUNGBERUNG
